<?xml version="1.0" encoding="UTF-8"?>
<project-private xmlns="http://www.netbeans.org/ns/project-private/1">
    <editor-bookmarks xmlns="http://www.netbeans.org/ns/editor-bookmarks/2" lastBookmarkId="0"/>
    <open-files xmlns="http://www.netbeans.org/ns/projectui-open-files/2">
        <group>
            <file>file:/D:/xampp/htdocs/placetopay/vistas/login.php</file>
            <file>file:/D:/xampp/htdocs/placetopay/core/ajaxLogin.php</file>
            <file>file:/D:/xampp/htdocs/placetopay/core/ajaxSalvarPasos.php</file>
            <file>file:/D:/xampp/htdocs/placetopay/inclides/js/ajaxBancos.js</file>
            <file>file:/D:/xampp/htdocs/placetopay/inclides/js/ajaxLogin.js</file>
            <file>file:/D:/xampp/htdocs/placetopay/inclides/js/validajs.js</file>
            <file>file:/D:/xampp/htdocs/placetopay/core/hookExternalfoot.php</file>
            <file>file:/D:/xampp/htdocs/placetopay/vistas/paso02.php</file>
            <file>file:/D:/xampp/htdocs/placetopay/index.php</file>
            <file>file:/D:/xampp/htdocs/placetopay/config/placetopay.php</file>
            <file>file:/D:/xampp/htdocs/placetopay/inclides/js/ajaxSalvarP1.js</file>
            <file>file:/D:/xampp/htdocs/placetopay/core/ajaxBancos.php</file>
            <file>file:/D:/xampp/htdocs/placetopay/vistas/paso01.php</file>
        </group>
    </open-files>
</project-private>
